docs/assets/images/pages/photos/Bangkok_by_night_by_Patrickske.webp	129052|1778099429|webp|82|subdir|false|avif
docs/assets/images/pages/photos/Bled_Lake_Slovenia_by_Patrickske.webp	228552|1778099431|webp|82|subdir|false|avif
docs/assets/images/pages/photos/Bohinj_Lake_Slovenia_by_Patrickske.webp	248894|1778099428|webp|82|subdir|false|avif
docs/assets/images/pages/photos/Bohinj_Lake_Sunset_Slovenia_by_Patrickske.webp	258894|1778099433|webp|82|subdir|false|avif
docs/assets/images/pages/photos/Death_Valley_Stop_Sign_by_Patrickske.webp	109122|1778106778|webp|82|subdir|false|avif
docs/assets/images/pages/photos/Donkey_Las_Vegas_by_Patrickske.webp	282240|1778099425|webp|82|subdir|false|avif
docs/assets/images/pages/photos/Golden_Gate_by_patrickske.webp	162852|1778099430|webp|82|subdir|false|avif
docs/assets/images/pages/photos/Island_Sunset_by_Patrickske.webp	77078|1778099423|webp|82|subdir|false|avif
docs/assets/images/pages/photos/Jakarta_Harbour___1_by_Patrickske.webp	155520|1778099427|webp|82|subdir|false|avif
docs/assets/images/pages/photos/Jakarta_Harbour_1_by_Patrickske.webp	155520|1778105662|webp|82|subdir|false|avif
docs/assets/images/pages/photos/Jakarta_Harbour_3_by_Patrickske.webp	107618|1778099424|webp|82|subdir|false|avif
docs/assets/images/pages/photos/Old_Petrol_Pump_Death_Valley_by_Patrickske.webp	119746|1778099432|webp|82|subdir|false|avif
docs/assets/images/pages/photos/Sassolungo_Winter_Selva_di_Val_Gardena_by_Patrickske.webp	125138|1778099423|webp|82|subdir|false|avif
docs/assets/images/pages/photos/Stone_Piles_Slovevia_by_Patrickske.webp	333504|1778099426|webp|82|subdir|false|avif
docs/assets/images/pages/photos/Together_by_Patrickske-edited.webp	93034|1778099429|webp|82|subdir|false|avif
docs/assets/images/pages/photos/Turtle_Bonaire_by_Patrickske.webp	99330|1778101580|webp|82|subdir|false|avif
docs/assets/images/posts/2018-07-20-slovenia/01_Vršič_Pass_by_Patrickske.webp	333504|1778104649|webp|82|subdir|false|avif
docs/assets/images/posts/2018-07-20-slovenia/02_Bled_Lake_Sunset_by_Patrickske.webp	59148|1778104651|webp|82|subdir|false|avif
docs/assets/images/posts/2018-07-20-slovenia/03_Bled_Lake_by_Patrickske.webp	228552|1778104655|webp|82|subdir|false|avif
docs/assets/images/posts/2018-07-20-slovenia/04_Mostnica_Gorge_by_Patrickske.webp	519428|1778104654|webp|82|subdir|false|avif
docs/assets/images/posts/2018-07-20-slovenia/05_Bohinj_Lake_by_Patrickske.webp	248894|1778104651|webp|82|subdir|false|avif
docs/assets/images/posts/2018-07-20-slovenia/06_Bohinj_Lake_Sunset_by_Patrickske.webp	258894|1778104656|webp|82|subdir|false|avif
docs/assets/images/posts/2018-07-20-slovenia/07_Bohinj_Lake_Church_by_Patrickske.webp	230072|1778104646|webp|82|subdir|false|avif
docs/assets/images/posts/2018-07-20-slovenia/08_Grasshopper_by_Patrickske.webp	55742|1778104648|webp|82|subdir|false|avif
docs/assets/images/posts/2018-07-20-slovenia/09_Triglav_Nat_Park_1_by_Patrickske.webp	373904|1778104648|webp|82|subdir|false|avif
docs/assets/images/posts/2018-07-20-slovenia/10_Triglav_Nat_Park_2_by_Patrickske.jpg.webp	317702|1778104647|webp|82|subdir|false|avif
docs/assets/images/posts/2018-07-20-slovenia/11_Triglav_Nat_Park_3_by_Patrickske.jpg.webp	892420|1778104652|webp|82|subdir|false|avif
docs/assets/images/posts/2018-07-20-slovenia/12_Bohinj_Lake_Triglav_Nat_Park_Panorama_by_Patrickske.webp	110000|1778104650|webp|82|subdir|false|avif
docs/assets/images/posts/2023-12-18-sunset-in-the-dolomites/1_sella_massive.webp	149810|1777847096|webp|82|subdir|false|avif
docs/assets/images/posts/2023-12-18-sunset-in-the-dolomites/2_stone_city.webp	127426|1777847096|webp|82|subdir|false|avif
docs/assets/images/posts/2023-12-18-sunset-in-the-dolomites/3_sella_pass.webp	245454|1777847096|webp|82|subdir|false|avif
docs/assets/images/posts/2023-12-18-sunset-in-the-dolomites/4_col_raiser.webp	258892|1777847096|webp|82|subdir|false|avif
docs/assets/images/posts/2023-12-18-sunset-in-the-dolomites/5_saslong.webp	125138|1777847096|webp|82|subdir|false|avif
docs/assets/images/posts/2024-11-12-central-visayas-the-philippines/dumaguette_natural_pool-1024x768.webp	156732|1777847096|webp|82|subdir|false|avif
docs/assets/images/posts/2024-11-12-central-visayas-the-philippines/WhatsApp-Image-2024-11-12-at-22.35.30-1024x768.webp	145888|1777847096|webp|82|subdir|false|avif
docs/assets/images/posts/2024-11-12-central-visayas-the-philippines/WhatsApp-Image-2024-11-12-at-22.35.30-1-1024x683.webp	35322|1777847096|webp|82|subdir|false|avif
docs/assets/images/posts/2024-11-12-central-visayas-the-philippines/WhatsApp-Image-2024-11-12-at-22.35.30-2-768x1024.webp	89894|1777847096|webp|82|subdir|false|avif
docs/assets/images/posts/2024-11-12-central-visayas-the-philippines/WhatsApp-Image-2024-11-12-at-22.35.31-1024x576.webp	55510|1777847096|webp|82|subdir|false|avif
docs/assets/images/posts/2024-11-12-central-visayas-the-philippines/WhatsApp-Image-2024-11-12-at-22.35.31-1-1024x683.webp	65668|1777847096|webp|82|subdir|false|avif
docs/assets/images/posts/2024-11-12-central-visayas-the-philippines/WhatsApp-Image-2024-11-12-at-22.35.32-1024x576.webp	95260|1777847096|webp|82|subdir|false|avif
docs/assets/images/posts/2024-11-12-central-visayas-the-philippines/WhatsApp-Image-2024-11-12-at-22.35.32-1-1024x576.webp	46686|1777847096|webp|82|subdir|false|avif
docs/assets/images/posts/2024-11-12-central-visayas-the-philippines/WhatsApp-Image-2024-11-12-at-22.35.32-2-1024x576.webp	49642|1777847096|webp|82|subdir|false|avif
docs/assets/images/posts/2024-11-12-central-visayas-the-philippines/WhatsApp-Image-2024-11-12-at-22.35.32-3-1024x768.webp	77420|1777847096|webp|82|subdir|false|avif
docs/assets/images/posts/2024-11-12-central-visayas-the-philippines/WhatsApp-Image-2024-11-12-at-22.35.33-1024x768.webp	140336|1777847096|webp|82|subdir|false|avif
docs/assets/images/posts/2024-11-12-central-visayas-the-philippines/WhatsApp-Image-2024-11-12-at-22.35.33-1-1024x768.webp	97996|1777847096|webp|82|subdir|false|avif
docs/assets/images/posts/2024-11-12-central-visayas-the-philippines/WhatsApp-Image-2024-11-12-at-22.35.33-2-1024x578.webp	101954|1777847096|webp|82|subdir|false|avif
docs/assets/images/posts/2024-11-12-central-visayas-the-philippines/WhatsApp-Image-2024-11-12-at-22.35.33-3-578x1024.webp	101876|1777847096|webp|82|subdir|false|avif
docs/assets/images/posts/2024-11-12-central-visayas-the-philippines/WhatsApp-Image-2024-11-12-at-22.35.33-4-578x1024.webp	92562|1777847096|webp|82|subdir|false|avif
docs/assets/images/posts/2024-11-12-central-visayas-the-philippines/WhatsApp-Image-2024-11-12-at-22.35.34-1024x576.webp	62730|1777847096|webp|82|subdir|false|avif
docs/assets/images/posts/2024-11-12-central-visayas-the-philippines/WhatsApp-Image-2024-11-12-at-22.35.34-1-1024x576.webp	68044|1777847096|webp|82|subdir|false|avif
docs/assets/images/posts/2024-11-12-central-visayas-the-philippines/WhatsApp-Image-2024-11-12-at-22.35.34-2-768x1024.webp	58226|1777847096|webp|82|subdir|false|avif
docs/assets/images/posts/2024-11-12-central-visayas-the-philippines/WhatsApp-Image-2024-11-12-at-22.35.34-3-1024x576.webp	37066|1777847096|webp|82|subdir|false|avif
docs/assets/images/posts/2024-11-12-central-visayas-the-philippines/WhatsApp-Image-2024-11-12-at-22.35.35-1024x768.webp	62978|1777847096|webp|82|subdir|false|avif
docs/assets/images/posts/2024-11-12-central-visayas-the-philippines/WhatsApp-Image-2024-11-12-at-22.35.36-1024x768.webp	91200|1777847096|webp|82|subdir|false|avif
docs/assets/images/posts/2024-11-12-central-visayas-the-philippines/WhatsApp-Image-2024-11-12-at-22.35.36-1-768x1024.webp	90264|1777847096|webp|82|subdir|false|avif
docs/assets/images/posts/2024-11-12-central-visayas-the-philippines/WhatsApp-Image-2024-11-12-at-22.35.37-1024x1024.webp	193730|1777847096|webp|82|subdir|false|avif
docs/assets/images/posts/2024-11-12-central-visayas-the-philippines/WhatsApp-Image-2024-11-12-at-22.35.37-1-1024x578.webp	97988|1777847096|webp|82|subdir|false|avif
docs/assets/images/posts/2024-11-12-central-visayas-the-philippines/WhatsApp-Image-2024-11-12-at-22.35.37-2-576x1024.webp	112374|1777847096|webp|82|subdir|false|avif
docs/assets/images/posts/2024-11-12-central-visayas-the-philippines/WhatsApp-Image-2024-11-12-at-22.35.39-1-768x1024.webp	246170|1777847096|webp|82|subdir|false|avif
docs/assets/images/posts/2024-11-12-central-visayas-the-philippines/WhatsApp-Image-2024-11-12-at-22.35.39-2-1024x576.webp	86648|1777847096|webp|82|subdir|false|avif
docs/assets/images/posts/2024-11-12-central-visayas-the-philippines/WhatsApp-Image-2024-11-12-at-22.35.39-768x1024.webp	245736|1777847096|webp|82|subdir|false|avif
docs/assets/images/posts/2024-11-12-central-visayas-the-philippines/WhatsApp-Image-2024-11-12-at-22.35.40-1-1024x1024.webp	256282|1777847096|webp|82|subdir|false|avif
docs/assets/images/posts/2024-11-12-central-visayas-the-philippines/WhatsApp-Image-2024-11-12-at-22.35.40-2-1024x578.webp	90338|1777847096|webp|82|subdir|false|avif
docs/assets/images/posts/2024-11-12-central-visayas-the-philippines/WhatsApp-Image-2024-11-12-at-22.35.40-3-1024x578.webp	89620|1777847096|webp|82|subdir|false|avif
docs/assets/images/posts/2024-11-12-central-visayas-the-philippines/WhatsApp-Image-2024-11-12-at-22.35.40-4-1024x576.webp	61258|1777847096|webp|82|subdir|false|avif
docs/assets/images/posts/2024-11-12-central-visayas-the-philippines/WhatsApp-Image-2024-11-12-at-22.35.40-578x1024.webp	89330|1777847096|webp|82|subdir|false|avif
