../docs/assets/images/pages/photos/Bangkok_by_night_by_Patrickske.jpg	381739|1778088979|webp|82|subdir|false
../docs/assets/images/pages/photos/Bangkok_by_night_by_Patrickske.webp	129052|1778099429|webp|82|subdir|false
../docs/assets/images/pages/photos/Bled_Lake_Slovenia_by_Patrickske.jpg	395494|1778088979|webp|82|subdir|false
../docs/assets/images/pages/photos/Bled_Lake_Slovenia_by_Patrickske.webp	228552|1778099431|webp|82|subdir|false
../docs/assets/images/pages/photos/Bohinj_Lake_Slovenia_by_Patrickske.jpg	492523|1778088979|webp|82|subdir|false
../docs/assets/images/pages/photos/Bohinj_Lake_Slovenia_by_Patrickske.webp	248894|1778099428|webp|82|subdir|false
../docs/assets/images/pages/photos/Bohinj_Lake_Sunset_Slovenia_by_Patrickske.jpg	504027|1778088979|webp|82|subdir|false
../docs/assets/images/pages/photos/Bohinj_Lake_Sunset_Slovenia_by_Patrickske.webp	258894|1778099433|webp|82|subdir|false
../docs/assets/images/pages/photos/Death_Valley_Stop_Sign_by_Patrickske.jpg	228141|1778088979|webp|82|subdir|false
../docs/assets/images/pages/photos/Donkey_Las_Vegas_by_Patrickske.jpg	492328|1778088979|webp|82|subdir|false
../docs/assets/images/pages/photos/Donkey_Las_Vegas_by_Patrickske.webp	282240|1778099425|webp|82|subdir|false
../docs/assets/images/pages/photos/Golden_Gate_by_patrickske.jpg	376906|1778088979|webp|82|subdir|false
../docs/assets/images/pages/photos/Golden_Gate_by_patrickske.webp	162852|1778099430|webp|82|subdir|false
../docs/assets/images/pages/photos/Island_Sunset_by_Patrickske.jpg	251851|1778088979|webp|82|subdir|false
../docs/assets/images/pages/photos/Island_Sunset_by_Patrickske.webp	77078|1778099423|webp|82|subdir|false
../docs/assets/images/pages/photos/Jakarta_Harbour___1_by_Patrickske.jpg	829212|1778088979|webp|82|subdir|false
../docs/assets/images/pages/photos/Jakarta_Harbour_1_by_Patrickske.jpg	829212|1778088979|webp|82|subdir|false
../docs/assets/images/pages/photos/Jakarta_Harbour___1_by_Patrickske.webp	155520|1778099427|webp|82|subdir|false
../docs/assets/images/pages/photos/Jakarta_Harbour_1_by_Patrickske.webp	155520|1778105662|webp|82|subdir|false
../docs/assets/images/pages/photos/Jakarta_Harbour_3_by_Patrickske.jpg	304212|1778088979|webp|82|subdir|false
../docs/assets/images/pages/photos/Jakarta_Harbour_3_by_Patrickske.webp	107618|1778099424|webp|82|subdir|false
../docs/assets/images/pages/photos/Old_Petrol_Pump_Death_Valley_by_Patrickske.jpg	297565|1778088979|webp|82|subdir|false
../docs/assets/images/pages/photos/Old_Petrol_Pump_Death_Valley_by_Patrickske.webp	119746|1778099432|webp|82|subdir|false
../docs/assets/images/pages/photos/Sassolungo_Winter_Selva_di_Val_Gardena_by_Patrickske.jpeg	178149|1778088979|webp|82|subdir|false
../docs/assets/images/pages/photos/Sassolungo_Winter_Selva_di_Val_Gardena_by_Patrickske.webp	125138|1778099423|webp|82|subdir|false
../docs/assets/images/pages/photos/Stone_Piles_Slovevia_by_Patrickske.jpg	611768|1778088979|webp|82|subdir|false
../docs/assets/images/pages/photos/Stone_Piles_Slovevia_by_Patrickske.webp	333504|1778099426|webp|82|subdir|false
../docs/assets/images/pages/photos/Together_by_Patrickske-edited.jpg	277283|1778088979|webp|82|subdir|false
../docs/assets/images/pages/photos/Together_by_Patrickske-edited.webp	93034|1778099429|webp|82|subdir|false
../docs/assets/images/pages/photos/Turtle_Bonaire_by_Patrickske.jpg	237349|1778088979|webp|82|subdir|false
../docs/assets/images/pages/photos/Turtle_Bonaire_by_Patrickske.webp	99330|1778101580|webp|82|subdir|false
../docs/assets/images/posts/2018-07-20-slovenia/01_Vršič_Pass_by_Patrickske.jpg	611768|1778088979|webp|82|subdir|false
../docs/assets/images/posts/2018-07-20-slovenia/02_Bled_Lake_Sunset_by_Patrickske.jpg	164862|1778088979|webp|82|subdir|false
../docs/assets/images/posts/2018-07-20-slovenia/03_Bled_Lake_by_Patrickske.jpg	395494|1778088979|webp|82|subdir|false
../docs/assets/images/posts/2018-07-20-slovenia/04_Mostnica_Gorge_by_Patrickske.jpg	764608|1778088979|webp|82|subdir|false
../docs/assets/images/posts/2018-07-20-slovenia/05_Bohinj_Lake_by_Patrickske.jpg	492523|1778088979|webp|82|subdir|false
../docs/assets/images/posts/2018-07-20-slovenia/06_Bohinj_Lake_Sunset_by_Patrickske.jpg	504027|1778088979|webp|82|subdir|false
../docs/assets/images/posts/2018-07-20-slovenia/07_Bohinj_Lake_Church_by_Patrickske.jpg	395629|1778088979|webp|82|subdir|false
../docs/assets/images/posts/2018-07-20-slovenia/08_Grasshopper_by_Patrickske.jpg	152976|1778088979|webp|82|subdir|false
../docs/assets/images/posts/2018-07-20-slovenia/09_Triglav_Nat_Park_1_by_Patrickske.jpg	540206|1778088979|webp|82|subdir|false
../docs/assets/images/posts/2018-07-20-slovenia/10_Triglav_Nat_Park_2_by_Patrickske.jpg.jpg	479844|1778088979|webp|82|subdir|false
../docs/assets/images/posts/2018-07-20-slovenia/11_Triglav_Nat_Park_3_by_Patrickske.jpg.jpg	1901494|1778088979|webp|82|subdir|false
../docs/assets/images/posts/2018-07-20-slovenia/12_Bohinj_Lake_Triglav_Nat_Park_Panorama_by_Patrickske.jpg	169899|1778088979|webp|82|subdir|false
